-- BCBSA Plan Onboarding SQL
-- Generated: 2025-01-20 09:45:00
-- Total Statements: 12

-- ========== L4_GROUP_REFERENCE ==========
INSERT INTO L4_GROUP_REFERENCE (GROUP_ID, GROUP_NAME, GROUP_TYPE, EFFECTIVE_DATE, END_DATE, STATUS, CREATED_BY, CREATED_DATE) VALUES ('GRP005', 'Premera Blue Cross', 'LARGE_GROUP', '2025-01-01', NULL, 'ACTIVE', CURRENT_USER, CURRENT_TIMESTAMP);
INSERT INTO L4_GROUP_REFERENCE (GROUP_ID, GROUP_NAME, GROUP_TYPE, EFFECTIVE_DATE, END_DATE, STATUS, CREATED_BY, CREATED_DATE) VALUES ('GRP006', 'Blue Cross Blue Shield of Massachusetts', 'LARGE_GROUP', '2025-01-01', NULL, 'ACTIVE', CURRENT_USER, CURRENT_TIMESTAMP);
INSERT INTO L4_GROUP_REFERENCE (GROUP_ID, GROUP_NAME, GROUP_TYPE, EFFECTIVE_DATE, END_DATE, STATUS, CREATED_BY, CREATED_DATE) VALUES ('GRP007', 'Florida Blue', 'MEDIUM_GROUP', '2025-01-15', NULL, 'ACTIVE', CURRENT_USER, CURRENT_TIMESTAMP);

-- ========== MI_ACCESS_CONTROL ==========
INSERT INTO MI_ACCESS_CONTROL (ACCESS_ID, USER_ID, ROLE_NAME, GROUP_ID, PERMISSION_LEVEL, GRANTED_DATE, EXPIRES_DATE) VALUES ('ACC008', 'U12352', 'ADMIN', 'GRP005', 'FULL', '2025-01-01', '2026-01-01');
INSERT INTO MI_ACCESS_CONTROL (ACCESS_ID, USER_ID, ROLE_NAME, GROUP_ID, PERMISSION_LEVEL, GRANTED_DATE, EXPIRES_DATE) VALUES ('ACC009', 'U12353', 'ADMIN', 'GRP006', 'FULL', '2025-01-01', '2026-01-01');
INSERT INTO MI_ACCESS_CONTROL (ACCESS_ID, USER_ID, ROLE_NAME, GROUP_ID, PERMISSION_LEVEL, GRANTED_DATE, EXPIRES_DATE) VALUES ('ACC010', 'U12354', 'VIEWER', 'GRP005', 'READ', '2025-01-01', '2026-01-01');
INSERT INTO MI_ACCESS_CONTROL (ACCESS_ID, USER_ID, ROLE_NAME, GROUP_ID, PERMISSION_LEVEL, GRANTED_DATE, EXPIRES_DATE) VALUES ('ACC011', 'U12355', 'ADMIN', 'GRP007', 'FULL', '2025-01-15', '2026-01-15');

-- ========== SUBMISSION_GROUP_PLAN_REFERENCE ==========
INSERT INTO SUBMISSION_GROUP_PLAN_REFERENCE (PLAN_ID, PLAN_NAME, GROUP_ID, SUBMISSION_ID, PLAN_TYPE, NETWORK_TYPE, PREMIUM_AMOUNT, DEDUCTIBLE, OUT_OF_POCKET_MAX, COPAY_PRIMARY_CARE, COPAY_SPECIALIST, COPAY_ER, COPAY_URGENT_CARE, COINSURANCE, PRESCRIPTION_COVERAGE, DENTAL_INCLUDED, VISION_INCLUDED, MENTAL_HEALTH_COVERAGE, EFFECTIVE_DATE, END_DATE, STATUS, CREATED_BY, CREATED_DATE) VALUES ('PLN006', 'Premera PPO Gold Plus', 'GRP005', 'SUB2025010001', 'PPO', 'BROAD', 890.00, 1200, 5500, 25, 50, 300, 75, 0.20, 'YES', 'YES', 'YES', 'YES', '2025-01-01', NULL, 'ACTIVE', CURRENT_USER, CURRENT_TIMESTAMP);
INSERT INTO SUBMISSION_GROUP_PLAN_REFERENCE (PLAN_ID, PLAN_NAME, GROUP_ID, SUBMISSION_ID, PLAN_TYPE, NETWORK_TYPE, PREMIUM_AMOUNT, DEDUCTIBLE, OUT_OF_POCKET_MAX, COPAY_PRIMARY_CARE, COPAY_SPECIALIST, COPAY_ER, COPAY_URGENT_CARE, COINSURANCE, PRESCRIPTION_COVERAGE, DENTAL_INCLUDED, VISION_INCLUDED, MENTAL_HEALTH_COVERAGE, EFFECTIVE_DATE, END_DATE, STATUS, CREATED_BY, CREATED_DATE) VALUES ('PLN007', 'BCBS MA HMO Platinum', 'GRP006', 'SUB2025010002', 'HMO', 'NARROW', 980.00, 800, 4500, 15, 35, 200, 50, 0.10, 'YES', 'YES', 'YES', 'YES', '2025-01-01', NULL, 'ACTIVE', CURRENT_USER, CURRENT_TIMESTAMP);
INSERT INTO SUBMISSION_GROUP_PLAN_REFERENCE (PLAN_ID, PLAN_NAME, GROUP_ID, SUBMISSION_ID, PLAN_TYPE, NETWORK_TYPE, PREMIUM_AMOUNT, DEDUCTIBLE, OUT_OF_POCKET_MAX, COPAY_PRIMARY_CARE, COPAY_SPECIALIST, COPAY_ER, COPAY_URGENT_CARE, COINSURANCE, PRESCRIPTION_COVERAGE, DENTAL_INCLUDED, VISION_INCLUDED, MENTAL_HEALTH_COVERAGE, EFFECTIVE_DATE, END_DATE, STATUS, CREATED_BY, CREATED_DATE) VALUES ('PLN008', 'Florida Blue PPO Silver', 'GRP007', 'SUB2025010003', 'PPO', 'BROAD', 720.00, 2500, 7000, 30, 55, 300, 75, 0.30, 'YES', 'NO', 'YES', 'YES', '2025-01-15', NULL, 'ACTIVE', CURRENT_USER, CURRENT_TIMESTAMP);

-- ========== PLAN_REFERENCE ==========
INSERT INTO PLAN_REFERENCE (PLAN_ID, PLAN_CODE, PLAN_NAME, CARRIER_NAME, PLAN_YEAR, METAL_LEVEL, HSA_ELIGIBLE, FORMULARY_ID, NETWORK_ID, SERVICE_AREA, STATE, RATING_AREA, EFFECTIVE_DATE, END_DATE, STATUS, CREATED_BY, CREATED_DATE, MODIFIED_BY, MODIFIED_DATE) VALUES ('PLN006', 'PRM-PPO-GP-2025', 'Premera PPO Gold Plus', 'Premera Blue Cross', 2025, 'GOLD', 'NO', 'FORM006', 'NET006', 'WA-SEA-METRO', 'WA', 'R006', '2025-01-01', '2025-12-31', 'ACTIVE', CURRENT_USER, CURRENT_TIMESTAMP, NULL, NULL);
INSERT INTO PLAN_REFERENCE (PLAN_ID, PLAN_CODE, PLAN_NAME, CARRIER_NAME, PLAN_YEAR, METAL_LEVEL, HSA_ELIGIBLE, FORMULARY_ID, NETWORK_ID, SERVICE_AREA, STATE, RATING_AREA, EFFECTIVE_DATE, END_DATE, STATUS, CREATED_BY, CREATED_DATE, MODIFIED_BY, MODIFIED_DATE) VALUES ('PLN007', 'BCBSMA-HMO-P-2025', 'BCBS MA HMO Platinum', 'BCBS Massachusetts', 2025, 'PLATINUM', 'NO', 'FORM007', 'NET007', 'MA-BOS-METRO', 'MA', 'R007', '2025-01-01', '2025-12-31', 'ACTIVE', CURRENT_USER, CURRENT_TIMESTAMP, NULL, NULL);
INSERT INTO PLAN_REFERENCE (PLAN_ID, PLAN_CODE, PLAN_NAME, CARRIER_NAME, PLAN_YEAR, METAL_LEVEL, HSA_ELIGIBLE, FORMULARY_ID, NETWORK_ID, SERVICE_AREA, STATE, RATING_AREA, EFFECTIVE_DATE, END_DATE, STATUS, CREATED_BY, CREATED_DATE, MODIFIED_BY, MODIFIED_DATE) VALUES ('PLN008', 'FLB-PPO-S-2025', 'Florida Blue PPO Silver', 'Florida Blue', 2025, 'SILVER', 'YES', 'FORM008', 'NET008', 'FL-MIA-METRO', 'FL', 'R008', '2025-01-15', '2025-12-31', 'ACTIVE', CURRENT_USER, CURRENT_TIMESTAMP, NULL, NULL);
