-- BCBSA Plan Onboarding SQL
-- Generated: 2026-02-26 20:19:57
-- Total Statements: 13


-- ========== L4_GROUP_REFERENCE ==========
INSERT INTO L4_GROUP_REFERENCE (L4_GRP_PLAN_ID_CD, NM, NOTIF_EMAIL_ADDR, EFF_DT, EXPRTN_DT, CRT_TS, CRT_USER_CD, UPDT_TS, UPDT_USER_CD) VALUES ('G01', 'National Health Insurance Trivandrum', 'nhi-trivandrum@bcbsa.com', '2025-02-01', '9999-12-31', CURRENT_TIMESTAMP, CURRENT_USER, CURRENT_TIMESTAMP, CURRENT_USER);
INSERT INTO L4_GROUP_REFERENCE (L4_GRP_PLAN_ID_CD, NM, NOTIF_EMAIL_ADDR, EFF_DT, EXPRTN_DT, CRT_TS, CRT_USER_CD, UPDT_TS, UPDT_USER_CD) VALUES ('H05', 'Anthem Blue Cross California', 'anthem-ca@bcbsa.com', '2025-02-01', '9999-12-31', CURRENT_TIMESTAMP, CURRENT_USER, CURRENT_TIMESTAMP, CURRENT_USER);

-- ========== MI_ACCESS_CONTROL ==========
INSERT INTO MI_ACCESS_CONTROL (BHI_HOME_PLAN_ID_CD, LOCN_CD, BHI_HOME_PLAN_NM, LOCN_NM, BHI_HLDNG_CMPNY_CD, BHI_HLDNG_CMPNY_NM, ANTHEM_PORTAL_IND) VALUES ('G15', 'bcbsa-chg', 'National Health Insurance Kochin', 'BCBSA Chicago', 'LH032', 'National Health Insurance Trivandrum', 'N');
INSERT INTO MI_ACCESS_CONTROL (BHI_HOME_PLAN_ID_CD, LOCN_CD, BHI_HOME_PLAN_NM, LOCN_NM, BHI_HLDNG_CMPNY_CD, BHI_HLDNG_CMPNY_NM, ANTHEM_PORTAL_IND) VALUES ('G15', 'bhi-chg', 'National Health Insurance Kochin', 'BHI Chicago', 'LH032', 'National Health Insurance Trivandrum', 'N');
INSERT INTO MI_ACCESS_CONTROL (BHI_HOME_PLAN_ID_CD, LOCN_CD, BHI_HOME_PLAN_NM, LOCN_NM, BHI_HLDNG_CMPNY_CD, BHI_HLDNG_CMPNY_NM, ANTHEM_PORTAL_IND) VALUES ('G15', 'bcbs-nc', 'National Health Insurance Kochin', 'BCBS North Carolina', 'LH032', 'National Health Insurance Trivandrum', 'N');
INSERT INTO MI_ACCESS_CONTROL (BHI_HOME_PLAN_ID_CD, LOCN_CD, BHI_HOME_PLAN_NM, LOCN_NM, BHI_HLDNG_CMPNY_CD, BHI_HLDNG_CMPNY_NM, ANTHEM_PORTAL_IND) VALUES ('G15', 'nc-found', 'National Health Insurance Kochin', 'NC Foundation', 'LH032', 'National Health Insurance Trivandrum', 'N');
INSERT INTO MI_ACCESS_CONTROL (BHI_HOME_PLAN_ID_CD, LOCN_CD, BHI_HOME_PLAN_NM, LOCN_NM, BHI_HLDNG_CMPNY_CD, BHI_HLDNG_CMPNY_NM, ANTHEM_PORTAL_IND) VALUES ('H10', 'bcbsa-chg', 'Anthem Blue Cross LA', 'BCBSA Chicago', 'LH045', 'Anthem Blue Cross California', 'Y');
INSERT INTO MI_ACCESS_CONTROL (BHI_HOME_PLAN_ID_CD, LOCN_CD, BHI_HOME_PLAN_NM, LOCN_NM, BHI_HLDNG_CMPNY_CD, BHI_HLDNG_CMPNY_NM, ANTHEM_PORTAL_IND) VALUES ('H10', 'anthem-la', 'Anthem Blue Cross LA', 'Anthem Los Angeles', 'LH045', 'Anthem Blue Cross California', 'Y');
INSERT INTO MI_ACCESS_CONTROL (BHI_HOME_PLAN_ID_CD, LOCN_CD, BHI_HOME_PLAN_NM, LOCN_NM, BHI_HLDNG_CMPNY_CD, BHI_HLDNG_CMPNY_NM, ANTHEM_PORTAL_IND) VALUES ('H10', 'bhi-chg', 'Anthem Blue Cross LA', 'BHI Chicago', 'LH045', 'Anthem Blue Cross California', 'Y');

-- ========== SUBMISSION_GROUP_PLAN_REFERENCE ==========
INSERT INTO SUBMISSION_GROUP_PLAN_REFERENCE (SUBM_GRP_PLAN_ID_CD, SHRT_NM, LONG_NM, NOTIF_EMAIL_ADDR, XPCTD_SUBM_DAY, XPCTD_SUBM_BUS_DAY, INBND_CD_DRCTRY_FOLDER_NM, OTBND_CD_DRCTRY_FOLDER_NM, MED_DPLYMN_ANLYST_NOTIF_EMAIL_ADDR, PHRMCY_DPLYMN_ANLYST_NOTIF_EMAIL_ADDR, MED_DPLYMN_XPCTD_START_DT, PHRMCY_DPLYMN_XPCTD_START_DT, MED_PRDCTN_START_DT, PHRMCY_PRDCTN_START_DT, TEST_FILE_MAX_RECORD_CNT, PRDCTN_FILE_MAX_SUBM_CNT, CD_ZONE_ID_CD, EXTRCT_GRP_IND, EFF_DT, EXPRTN_DT, CRT_TS, CRT_USER_CD, UPDT_TS, UPDT_USER_CD, PROV_XWALK_IND, MEMB_REID_FILE_IND, BHI_IND, PI_INBND_CD_DRCTRY_FOLDER_NM, PI_OTBND_CD_DRCTRY_FOLDER_NM, PI_CD, PRDCTN_MEMB_MAX_SUBM_CNT, PRDCTN_ATRBTN_MAX_SUBM_CNT, MEMB_BNFT_FILE_IND, TOGETHER_GRP_IND) VALUES ('G01', 'NHIT', 'National Health Insurance Trivandrum', 'nhi-trivandrum@bcbsa.com', 15, 10, 'NDW/CDNC_zone/Plan_G01/Reports', 'NDW/CDNC_zone/Plan_G01/Reports', 'med-analyst@bcbsa.com', 'pharma-analyst@bcbsa.com', '2025-03-01', '2025-04-01', '2025-06-01', '2025-07-01', 50000, 5, 'CDNC', 'N', '2025-02-01', '9999-12-31', CURRENT_TIMESTAMP, CURRENT_USER, CURRENT_TIMESTAMP, CURRENT_USER, 'Y', 'N', 'Y', 'NDW/CDNC_zone/Plan_G01/PI_Prod_Data/Reports/', 'NDW/CDNC_zone/Plan_G01/PI_Prod_Data/Reports/', 'PI001', 100000, 50000, 'N', 'N');
INSERT INTO SUBMISSION_GROUP_PLAN_REFERENCE (SUBM_GRP_PLAN_ID_CD, SHRT_NM, LONG_NM, NOTIF_EMAIL_ADDR, XPCTD_SUBM_DAY, XPCTD_SUBM_BUS_DAY, INBND_CD_DRCTRY_FOLDER_NM, OTBND_CD_DRCTRY_FOLDER_NM, MED_DPLYMN_ANLYST_NOTIF_EMAIL_ADDR, PHRMCY_DPLYMN_ANLYST_NOTIF_EMAIL_ADDR, MED_DPLYMN_XPCTD_START_DT, PHRMCY_DPLYMN_XPCTD_START_DT, MED_PRDCTN_START_DT, PHRMCY_PRDCTN_START_DT, TEST_FILE_MAX_RECORD_CNT, PRDCTN_FILE_MAX_SUBM_CNT, CD_ZONE_ID_CD, EXTRCT_GRP_IND, EFF_DT, EXPRTN_DT, CRT_TS, CRT_USER_CD, UPDT_TS, UPDT_USER_CD, PROV_XWALK_IND, MEMB_REID_FILE_IND, BHI_IND, PI_INBND_CD_DRCTRY_FOLDER_NM, PI_OTBND_CD_DRCTRY_FOLDER_NM, PI_CD, PRDCTN_MEMB_MAX_SUBM_CNT, PRDCTN_ATRBTN_MAX_SUBM_CNT, MEMB_BNFT_FILE_IND, TOGETHER_GRP_IND) VALUES ('H05', 'ABCC', 'Anthem Blue Cross California', 'anthem-ca@bcbsa.com', 20, 15, 'NDW/CDNC_zone/Plan_H05/Reports', 'NDW/CDNC_zone/Plan_H05/Reports', 'med-analyst-ca@bcbsa.com', 'pharma-analyst-ca@bcbsa.com', '2025-04-01', '2025-05-01', '2025-07-01', '2025-08-01', 75000, 8, 'CDNC', 'N', '2025-02-01', '9999-12-31', CURRENT_TIMESTAMP, CURRENT_USER, CURRENT_TIMESTAMP, CURRENT_USER, 'Y', 'Y', 'Y', 'NDW/CDNC_zone/Plan_H05/PI_Prod_Data/Reports/', 'NDW/CDNC_zone/Plan_H05/PI_Prod_Data/Reports/', 'PI002', 150000, 75000, 'Y', 'N');

-- ========== PLAN_REFERENCE ==========
INSERT INTO PLAN_REFERENCE (BHI_HOME_PLAN_ID_CD, SUBM_GRP_PLAN_ID_CD, L4_GRP_PLAN_ID_CD, NOTIF_EMAIL_ADDR, OTBND_CD_DRCTRY_FOLDER_NM, PMO_REVW_IND, OWNING_PLAN_ID_CD, EFF_DT, EXPRTN_DT, CRT_TS, CRT_USER_CD, UPDT_TS, UPDT_USER_CD, PROV_MATCH_REJ_IND, BHI_IND, PI_OTBND_CD_DRCTRY_FOLDER_NM, HOST_GRP_PLAN_CD, HOME_GRP_PLAN_CD, PI_SPCL_PRCS_IND, MEMB_DEID_FILE_IND, DS_PROJ_NM, ANTHEM_SCHEMA_IND) VALUES ('G15', 'G01', 'G01', 'nhi-kochin@bcbsa.com', 'NDW/CDNC_zone/Plan_G01/Reports', 'N', 'G01', '2025-02-01', '9999-12-31', CURRENT_TIMESTAMP, CURRENT_USER, CURRENT_TIMESTAMP, CURRENT_USER, 'N', 'Y', 'NDW/CDNC_zone/Plan_G01/PI_Prod_Data/Reports/', 'G01', 'G15', 'N', 'N', 'NHI_Kochin_Onboard', 'N');
INSERT INTO PLAN_REFERENCE (BHI_HOME_PLAN_ID_CD, SUBM_GRP_PLAN_ID_CD, L4_GRP_PLAN_ID_CD, NOTIF_EMAIL_ADDR, OTBND_CD_DRCTRY_FOLDER_NM, PMO_REVW_IND, OWNING_PLAN_ID_CD, EFF_DT, EXPRTN_DT, CRT_TS, CRT_USER_CD, UPDT_TS, UPDT_USER_CD, PROV_MATCH_REJ_IND, BHI_IND, PI_OTBND_CD_DRCTRY_FOLDER_NM, HOST_GRP_PLAN_CD, HOME_GRP_PLAN_CD, PI_SPCL_PRCS_IND, MEMB_DEID_FILE_IND, DS_PROJ_NM, ANTHEM_SCHEMA_IND) VALUES ('H10', 'H05', 'H05', 'anthem-la@bcbsa.com', 'NDW/CDNC_zone/Plan_H05/Reports', 'Y', 'H05', '2025-02-01', '9999-12-31', CURRENT_TIMESTAMP, CURRENT_USER, CURRENT_TIMESTAMP, CURRENT_USER, 'N', 'Y', 'NDW/CDNC_zone/Plan_H05/PI_Prod_Data/Reports/', 'H05', 'H10', 'N', 'Y', 'Anthem_CA_LA_Onboard', 'Y');
